{"TEMP_C": {"min": 1.9, "max": 3.0}, "HUMIDITY": {"min": 7.4, "max": 15.3}, "SOIL_PCT": {"min": 0.0, "max": 100.0}, "LDR": {"min": 40.0, "max": 4095.0}, "heat_index": {"min": -1.473222222222221, "max": -0.43816666666666393}}